1,DIKSHA,The DIKSHA platform offers students engaging learning material relevant to the prescribed school curriculum. Scan QR codes in your textbook for easy access to the associated lessons on the platform.,"https://diksha.gov.in/explore,https://play.google.com/store/apps/details?id=in.gov.diksha.app&hl=en_IN",0,12,"English, Hindi, Math, Science",Free,3,"English, Hindi, Bangla, Gujarati, Telugu, Marathi, Tamil, Kannada, Urdu",EN
2,Chimple,"Chimple engages students with interactive games, stories, and puzzles that teach children reading, writing and math.","https://play.google.com/store/apps/details?id=org.chimple.bahama&hl=en,https://play.google.com/store/apps/details?id=org.chimple.bahama&hl=en",1,3,"English, Hindi, Math",Free,1,"English, Hindi",EN
3,Google Bolo,Bolo is a reading-tutor app that helps students to improve their reading skills in Hindi and English via a virtual tutor that guides the child to read.,"https://play.google.com/store/apps/details?id=com.google.android.apps.seekh&hl=en,https://play.google.com/store/apps/details?id=com.google.android.apps.seekh&hl=en",0,4,"English, Hindi, Marathi, Tamil, Telugu, Urdu, Bengali",Free,1,"English, Hindi, Marathi, Tamil, Telugu, Urdu, Bengali",EN
4,Google Bolo,Bolo is a reading-tutor app that helps students to improve their reading skills in Hindi and English via a virtual tutor that guides the child to read.,"https://play.google.com/store/apps/details?id=com.google.android.apps.seekh&hl=en,https://play.google.com/store/apps/details?id=com.google.android.apps.seekh&hl=en",15,15,Speaking and Reading,Free,1,"English, Hindi, Marathi, Tamil, Telugu, Urdu, Bengali",EN
5,Top Parent,"TopParent empowers parents to support their children's early development by suggesting the best educational content to improve their children's language and math skills as well as health, relationships and nutrition.","https://play.google.com/store/apps/details?id=com.csf.topparent,https://play.google.com/store/apps/details?id=com.csf.topparent",0,3,"Math, Hindi, English",Free,1,Hindi,EN
6,Math Masti,"Math Masti uses a variety of fun, engaging and age-appropriate activities and games that are aligned to school curriculum to help children improve their foundational math learning.","https://play.google.com/store/apps/details?id=org.mathmasti.app,https://play.google.com/store/apps/details?id=org.mathmasti.app",0,3,Math,Free,1,Hindi,EN
7,Byjus,"BYJU'S offers interactive content that adapts to student's learning needs, in addition to a comprehensive collection of videos for science and math","https://byjus.com/cbse/,https://play.google.com/store/apps/details?id=com.byjus.thelearningapp&hl=en_IN",4,12,"English, Math, Hindi, Science",Free till 30 April,3,"English, Hindi",EN
8,Byjus,"BYJU'S offers interactive content that adapts to student's learning needs, in addition to a comprehensive collection of videos for science and math","https://byjus.com/cbse/,https://play.google.com/store/apps/details?id=com.byjus.thelearningapp&hl=en_IN",14,14,IITJEE/ NEET,Free till 30 April,3,English,EN
9,Byju's Early Learn,"Early Learn aims to build numeracy, literacy and logical reasoning skills in students by using Disney characters.","https://play.google.com/store/apps/details?id=com.byjus.k3&hl=en_IN,https://play.google.com/store/apps/details?id=com.byjus.k3&hl=en_IN",1,3,"Maths, English",Free till 30 April,1,English,EN
10,Khan Academy,Khan Academy offers content for Science and Math in Hindi and English as instructional videos that empower learners to study at their own pace.,"https://www.khanacademy.org/math/hindi,https://play.google.com/store/apps/details?id=org.khanacademy.android&hl=en_IN",6,12,"Math, Science",Free,3,"English, Hindi",EN
11,Khan Academy Kids,"Khan Academy Kids is an interactive, adaptive platform for early grade Math, Literacy and socio-emotional learning.","https://play.google.com/store/apps/details?id=org.khankids.android&hl=en_IN,https://play.google.com/store/apps/details?id=org.khankids.android&hl=en_IN",0,3,"English, Math",Free,1,English,EN
12,Hey Math,A self-directed learning tool to master Mathematical concepts using adaptive technology and instant feedback.,"https://plp.heymath.com/,https://plp.heymath.com/",5,10,Math,Free till 30 Jun,2,English,EN
13,Funtoot,Funtoot assesses the child's learning level and displays remediation content and assessments to bring students to their appropriate grade level.,"https://www.funtoot.com/,https://www.funtoot.com/",2,9,Maths,Free for 60 days,2,English,EN
14,Mindspark- Vernacular,Mindspark assesses the child's learning level and displays remediation content and assessments to bring students to their appropriate grade level.,"https://o.mindspark.in/vernacular/register.php,https://o.mindspark.in/vernacular/register.php",1,8,"Maths, English, Gujarati, Hindi, Telugu",Free for 60 days,2,"Hindi, Gujarati, Telugu",EN
15,Toppr,Access pre recorded as well as join live classes being taken by some great teachers on topics that are aligned to your curriculum!,"https://www.toppr.com/,https://play.google.com/store/apps/details?id=haygot.togyah.app",5,12,"English, Math, Science",Free till 30 Apr,3,English,EN
16,Toppr,Access pre recorded as well as join live classes being taken by some great teachers on topics that are aligned to your curriculum!,"https://www.toppr.com/,https://play.google.com/store/apps/details?id=haygot.togyah.app",14,14,IITJEE/ NEET,Free till 30 Apr,3,English,EN
17,i Champ,"A fun tool for practicing challenging problems in English, Math and Hindi.","https://www.ichamp.in,https://play.google.com/store/apps/details?id=com.ichamp.ichampapp&hl=en_IN",1,8,"Math, English, Hindi",Free,3,English,EN
18,Avanti Gurukul,"Avanti Gurukul provides short, easy-to-understand videos for Math and Science. The daily quizzes and doubt solver also aid in exam preparation.","https://play.google.com/store/apps/details?id=in.avanti.gurukul.learning.cbse.ncert.iit.video.test.doubt&referrer=utm_source%3Davanti.in%26utm_medium%3DGurukul%2520Page%2520Link%26utm_campaign%3DGurukul%2520new%2520page%2520link,https://play.google.com/store/apps/details?id=in.avanti.gurukul.learning.cbse.ncert.iit.video.test.doubt&referrer=utm_source%3Davanti.in%26utm_medium%3DGurukul%2520Page%2520Link%26utm_campaign%3DGurukul%2520new%2520page%2520link",9,12,"Math, Science",Free,1,English,EN
19,Avanti Gurukul,"Avanti Gurukul provides short, easy-to-understand videos that promise to teach concepts for IITJEE, NEET and CBSE in 15 minutes.","https://play.google.com/store/apps/details?id=in.avanti.gurukul.learning.cbse.ncert.iit.video.test.doubt&referrer=utm_source%3Davanti.in%26utm_medium%3DGurukul%2520Page%2520Link%26utm_campaign%3DGurukul%2520new%2520page%2520link,https://play.google.com/store/apps/details?id=in.avanti.gurukul.learning.cbse.ncert.iit.video.test.doubt&referrer=utm_source%3Davanti.in%26utm_medium%3DGurukul%2520Page%2520Link%26utm_campaign%3DGurukul%2520new%2520page%2520link",14,14,"Math, Science",Free,1,English,EN
20,Vedantu,Vedantu is an online tutoring solution that provides live and recorded courses covering ontent across classes 1 to 12 and IIT/NEET,"https://play.google.com/store/apps/details?id=com.vedantu.app&hl=en_IN,https://play.google.com/store/apps/details?id=com.vedantu.app&hl=en_IN",6,12,"English, Math, Science",Free temporarily,3,English,EN
21,Vedantu,Vedantu is an online tutoring solution that provides live and recorded courses covering ontent across classes 1 to 12 and IIT/NEET,"https://play.google.com/store/apps/details?id=com.vedantu.app&hl=en_IN,https://play.google.com/store/apps/details?id=com.vedantu.app&hl=en_IN",14,14,IITJEE/ NEET,Free temporarily,3,English,EN
22,Dounbtnut,Upload a photo of your question or type it out and get instant video solutions to your doubts!,"https://doubtnut.com/,https://play.google.com/store/apps/details?id=com.doubtnutapp",6,12,"Math, Science",Free,3,Hindi,EN
23,Dounbtnut,Upload a photo of your question or type it out and get instant video solutions to your doubts!,"https://doubtnut.com/,https://play.google.com/store/apps/details?id=com.doubtnutapp",14,14,IITJEE/ NEET,Free,3,Hindi,EN
24,ExtraMarks,Extramarks contains animated video lessons that are curriculum aligned. Use GTS@K12 code to access content for free,"https://www.extramarks.com/,https://play.google.com/store/apps/details?id=com.Extramarks.Smartstudy",0,12,"Math, Science, English, Hindi",Free till 30 Apr,1,English,EN
25,ExtraMarks,Extramarks contains animated video lessons for JEE/NEET prep that are curriculum aligned. Use GTS@TP code to access content for free,"https://www.extramarks.com/,https://play.google.com/store/apps/details?id=com.Extramarks.Smartstudy",14,14,IITJEE/ NEET,Free till 30 Apr,1,English,EN
26,Meritnation,"Video lessons, interactive animations and assessments to revise curriculum aligned content","https://www.meritnation.com/,https://play.google.com/store/apps/details?id=com.meritnation.school&hl=en_IN",6,12,"Math, Science, English, Hindi, Social Science",Free till 30 Apr,3,English,EN
27,Feed The Monster Hindi,"Feed The Monster teaches children the fundamentals of reading in Hindi with a fun, famified experience","https://play.google.com/store/apps/details?id=com.eduapp4syria.feedthemonsterHindi&hl=en,https://play.google.com/store/apps/details?id=com.eduapp4syria.feedthemonsterHindi&hl=en",0,3,Hindi,Free,1,Hindi,EN
28,Insta Solve,"Click a picture of the question on your phone, upload it and have your doubt solved in a step by step fashion in seconds.","https://www.instasolv.com/,https://play.google.com/store/apps/details?id=com.instasolv.android",6,12,"Maths, Science, Social Science, English",Free,1,"English, Hindi",EN
29,Insta Solve,"Click a picture of the question on your phone, upload it and have your doubt solved in a step by step fashion in seconds.","https://www.instasolv.com/,https://play.google.com/store/apps/details?id=com.instasolv.android",14,14,IITJEE/ NEET,Free,1,"English, Hindi",EN
30,Epathshala,"Students can download e-resources including textbooks, audio, video, periodicals, and a variety of other digital resources. Features of these books allow users to pinch, select, zoom, bookmark, highlight, navigate, share, listen to text using text to speech (TTS) apps and make notes digitally. In addition teachers can access to instructional material to support their lessons.","http://epathshala.nic.in/,https://play.google.com/store/apps/details?id=in.gov.epathshala",1,12,"English, Math, Science",Free,1,"English, Hindi and Urdu",EN
31,Pratham Storyweaver,A digital library of multilingual audio-visual stories early readers can listen to as they learn to read,"https://storyweaver.org.in/v0/read_at_home_with_storyweaver,https://storyweaver.org.in/",15,15,Listening and reading,Free,3,"English, Marathi, Bengali, Gujarati, Malayalam, Odia, Telugu, Tamil, Punjabi, Urdu",EN
32,Audible,A collection of audiobook titles for children from age three to teenagers to enjoy and learn from in English.,"https://stories.audible.com/discovery,https://stories.audible.com/discovery",15,15,English Reading,Free,3,English,EN
33,Tinkle,A library of comics that make reading enjoyable for children of all ages,"https://digital.tinkle.in/subscription.aspx?shelfId=d78d4014-e064-4aec-b203-4389bc08ddb4&code=1A9D444,https://play.google.com/store/apps/details?id=net.trellisys.papertrell.shelfd78d4014e0644aecb2034389bc08ddb4",15,15,English Reading,Free for 30 days,1,English,EN
34,Amar Chitra Katha,"A library of comics spanning mythology, indian classics and other fantastic titles to capture your child's imagination and mind","https://digital.amarchitrakatha.com/subscription.aspx?shelfId=16716781-3bc2-4c50-991f-aa65a09c4f71&code=1BEADEB,https://play.google.com/store/apps/details?id=com.ns.ack",15,15,English Reading,Free for 30 days,1,English,EN
35,Global Digital Library,A library of high quality reading material that children can read in multiple language with great visuals,"https://digitallibrary.io/,https://play.google.com/store/apps/details?id=io.digitallibrary.reader",15,15,Reading,Free,3,English,EN
36,Hello English,"Improve English speaking, writing, reading and comprehension, and listening skills with instructions in your mother toungue.","https://helloenglish.com/hindi,https://play.google.com/store/apps/details?id=com.CultureAlley.japanese.english",15,15,English,Free,1,"English, Marathi, Bengali, Gujarati, Malayalam, Odia, Telugu, Tamil, Punjabi, Urdu",EN
37,English Helper,"Children learn to read english with meaning with the support of features such as words being highlighted as they speak, word by word reading, word and picture dictionary, pronunciation, spellling aids and translation to a local language.","https://www.englishhelper.com/dashboard/learn-english,https://play.google.com/store/apps/details?id=com.englishhelper.readtome",15,15,English,Free,3,English,EN
38,Building blocks,More than 250 interactive activities to help children learn math concepts with audio instructions and practice mode.,"https://play.google.com/store/apps/details?id=com.akshara.easymath,https://play.google.com/store/apps/details?id=com.akshara.easymath",1,5,Math,Free,1,"English, Hindi, Kannada, Odia, Gujarati",EN
39,Kutuki,"Kutuki offers story based games and simple games to build vocabulary, life skills, science and learn letters and numbers.","https://www.kutuki.in/,https://play.google.com/store/apps/details?id=com.soniqmantra.kutuki",0,2,"Math, Science, English",Free for 60 days,3,"English, Hindi, Marathi, Kannada",EN
40,eVidhyarthi,NCERT-aligned video lectures in Hindi and English and textbook solutions for various concepts across all subjects for grades 6 to 12.,"https://www.evidyarthi.in/,https://www.evidyarthi.in/",6,12,"English, Hindi, Math, Science, Social Science",Free,3,"Hindi, English",EN
41,PraDigi,"The PraDigi app uses fun, interactive games and videos to cover general knowledge and curriculum-aligned concepts for various grades and in multiple languages.","https://www.prathamopenschool.org/Catalog,https://play.google.com/store/apps/details?id=com.pratham.prathamdigital&hl=en_IN",0,12,"Math, English, Science",Free,3,"English, Hindi, Punjabi, Assamese, Bengali, Odia, Telugu, Tamil, Kannada, Marathi, Gujarati",EN
42,NROER,NROER hosts a collection of audio-visual educational resources and NCERT textbooks in many subjects and in various vernacular languages for grades K-12.,"https://nroer.gov.in/home/repository,https://nroer.gov.in/home/repository",1,12,"English, Hindi, Math, Science, Social Sciences, Languages, Others",Free,1,"English, Hindi, Gujarati, Telugu, Assamese, Manipuri, Others",EN
43,DIKSHA,"DIKSHA offers teachers, students and parents engaging learning material relevant to prescribed school curriculum. Users can scan the QR code in their textbooks and gain easy online access to their lessons.","https://diksha.gov.in/explore,https://play.google.com/store/apps/details?id=in.gov.diksha.app&referrer=utm_source=DIKSHA&utm_medium=explore",1,12,"English, Hindi, Math, Science, Social Sciences",Free,3,"Hindi, English, Marathi, Kannada, Tamil, Telugu, Urdu, Bodo, Assamese, Mizo, Bengali, Ardhamagadi, Arabic, Sanskrit, Gujarati",EN
44,SWAYAM,"SWAYAM is a collection of video lectures, reading material, self-assessment through tests and quizzes, and an online discussion forum for school and higher education, and teacher training.","https://swayam.gov.in/,https://play.google.com/store/apps/details?id=in.gov.swayam.app",9,12,"Math, Science, Social Sciences, Commerce, English",Free,3,English,EN
45,National Digital Library India,"The NDLI's repository hosts content across multiple disciplines and academic levels and in various languages. Content includes videos, textbooks, interactive modules, and audio.","https://ndl.iitkgp.ac.in/homestudy/school,https://play.google.com/store/apps/details?id=com.mhrd.ndl&hl=en",1,12,"English, Hindi, Math, Science, Social Studies",Free,3,"English, Hindi, Bengali, Urdu, Telegu, Tamil, Odia, Marathi, Malayalam, Kannada, Gujarati",EN
46,National Digital Library India,"The NDLI's repository hosts content across multiple disciplines and academic levels and in various languages. Content includes videos, textbooks, interactive modules, and audio.","https://ndl.iitkgp.ac.in/homestudy/school,https://play.google.com/store/apps/details?id=com.mhrd.ndl&hl=en",14,14,JEE,Free,3,English,EN
47,MadhuApp,"The MadhuApp features video lectures, teaching and learning materials, and interactive question banks for Math and Science.","https://play.google.com/store/apps/details?id=com.madhuapp.android&hl=en_US,https://play.google.com/store/apps/details?id=com.madhuapp.android&hl=en_US",5,8,"Math, Science",Free,2,Odia,EN
48,Feed the Monster Marathi,"Feed The Monster teaches children the fundamentals of reading in Marathi with a fun, gamified experience.","https://play.google.com/store/apps/details?id=com.eduapp4syria.feedthemonsterMarathi,https://play.google.com/store/apps/details?id=com.eduapp4syria.feedthemonsterMarathi",15,15,Marathi,Free,2,Marathi,EN
49,Feed the Monster Bengali,"Feed The Monster teaches children the fundamentals of reading in Bengali with a fun, gamified experience.","https://play.google.com/store/apps/details?id=com.eduapp4syria.feedthemonsterBangla,https://play.google.com/store/apps/details?id=com.eduapp4syria.feedthemonsterBangla",15,15,Bengali,Free,2,Bengali,EN
50,Feed the Monster English,"Feed The Monster teaches children the fundamentals of reading in English with a fun, gamified experience.","https://play.google.com/store/apps/details?id=com.eduapp4syria.feedthemonsterEnglishIndian,https://play.google.com/store/apps/details?id=com.eduapp4syria.feedthemonsterEnglishIndian",15,15,English,Free,2,English,EN
51,EkStep,"EkStep is an open learning platform with a collection of learning resources in literacy, numeracy, and Science for grades K-12.","https://community.ekstep.in/content,https://play.google.com/store/apps/details?id=org.ekstep.genieservices&hl=en",0,12,"English, Hindi, Math, Science, Social Science",Free,3,"English, Hindi, Gujarati, Assamese, Bengali, Kannada, Maithili, Marathi, Munda, Odia, Sanskrit, Santali, Tamil, Telugu, Urdu",EN
52,Worldreader BookSmart,"An extensive digital library of free e-books in English and Hindi, for ages 1-12.","https://play.google.com/store/apps/details?id=org.worldreader.readtokids&referrer=utm_source%3Dcomms%26utm_medium%3Dwebsite%26anid%3Dadmob,https://play.google.com/store/apps/details?id=org.worldreader.readtokids&referrer=utm_source%3Dcomms%26utm_medium%3Dwebsite%26anid%3Dadmob",15,15,"English, Hindi",Free,2,"English, Hindi",EN
53,OckyPocky,"Fun and interactive games to build English vocabulary and speaking skills for young children via English, Hindi, and Marathi.","https://play.google.com/store/apps/details?id=com.whizkidzmedia.youhuu&showAllReviews=true,https://play.google.com/store/apps/details?id=com.whizkidzmedia.youhuu&showAllReviews=true",15,15,English,Free,2,"English, Hindi, Marathi",EN
54,iDream,"The iDream app covers content for all grades in 28 State boards and CBSE using fun video lessons, acitvities, and books and games in English, Hindi, and various regional languages.","https://www.idreameducation.org/learningapp,https://play.google.com/store/apps/details?id=org.idreameducation.iprep&hl=en_IN",1,12,"English, Hindi, Math, Science, Social Studies",Free temporarily,2,"Hindi, English, Kannada, Marathi, Gujarati, Others",EN
55,Cuemath,"Cuemath offers live, interactive online classes conducted in the presence of a math 'expert.' A mentor is also assigned to each student, and helps track their progress, course-correct, and solve any doubts or problems.","https://www.cuemath.com/parent/signup/?utm_source=organic&utm_medium=covid-hp-banner&utm_campaign=free-online-curriculum&intent=free-leap,https://play.google.com/store/apps/details?id=com.cuelearn.cuemathapp&hl=en_IN",0,10,Math,Free temporarily,3,English,EN
56,NextGurukul,"Select what you want to learn from an encyclopedia of academic concepts, take assessments ask your doubts for learning material across the K-12 spectrum","https://www.nextgurukul.in/,https://play.google.com/store/apps/details?id=com.learnnext.nextgurukul",0,12,"Math, English, Science, Social Science",Free,3,English,EN
57,NextGurukul,"NextGurukul offers sample question papers and solutions for various competitive exams such as JEE, NEET, and AIIMS.","https://www.nextgurukul.in/,https://play.google.com/store/apps/details?id=com.learnnext.nextgurukul",14,14,"IIT JEE, NEET, AIIMS",Free,3,English,EN
58,mLearningIndia,"A collection of instructor-led video lectures across Physics, Chemistry, and Biology for grades 8 to 12.","https://play.google.com/store/apps/details?id=com.it.mlearning,https://play.google.com/store/apps/details?id=com.it.mlearning",8,12,Science,Free,2,Hindi,EN
59,Katha Khazana,"The Katha Khazana app hosts a library of illustrated Hindi stories, narrated storytelling, animated videos, and reading games for children aged 4 to 12.","https://play.google.com/store/apps/details?id=org.katha.kathakhazana&hl=en_IN,https://play.google.com/store/apps/details?id=org.katha.kathakhazana&hl=en_IN",15,15,Hindi,Free,2,Hindi,EN
60,A+ Click,An interactive website featuring an extensive question bank covering math and logical reasoning concepts for all grades.,"https://aplusclick.org/,https://aplusclick.org/",1,12,Math,Free,3,English,EN
61,CK-12,"CK-12 FlexiBooks are free, customizable textbooks that allow users to edit and build upon existing content using images, videos, web links, and animation to better explain concepts. FlexiBooks can also be shared with peers through social media and email.","https://www.ck12.org/cbse/,https://www.ck12.org/cbse/",9,12,"Math, Science",Free,3,English,EN
62,MakeMeGenius,A collection of 2D animated videos covering various concepts in Science for grades K to 7.,"https://www.makemegenius.com/english_video.php,https://www.makemegenius.com/english_video.php",0,7,Science,Free,3,English,EN
63,MakeMeGenius Hindi,A collection of 2D animated videos covering various concepts in Science for grades K to 7.,"https://www.makemegenius.com/hindi_video.php,https://www.makemegenius.com/hindi_video.php",0,7,Science,Free,3,Hindi,EN
64,Mindspark- English,Mindspark assesses the child's learning level and displays remediation content and assessments to bring students to their appropriate grade level.,"https://mindspark.in/,https://mindspark.in/",1,8,Maths,Free for 60 days,2,English,EN
65,Convegenius,Convegenius is a Personalized Adaptive Learning (PAL) product that assesses the child's learning level and tailors its remediation content and assessments to bring students to their appropriate grade level.,"https://play.google.com/store/apps/details?id=com.cgslate.app.b2bNew&hl=en_IN,https://play.google.com/store/apps/details?id=com.cgslate.app.b2bNew&hl=en_IN",1,10,Maths,Free,1,"English, Hindi, Urdu, Telugu, Tamil, Bengali, Gujarati, Punjabi",EN
66,Class Saathi,"Class Saathi is a quiz-based learning app to support students with revision for exams, covering CBSE and NCERT syllabus. ","https://play.google.com/store/apps/details?id=com.tag_hive.saathi.saathi,https://play.google.com/store/apps/details?id=com.tag_hive.saathi.saathi",6,10,"Math, Science",Free,1,English,EN
67,दीक्षा,"दीक्षा के पास बहुत ही आकर्षक कंटेंट है (गतिविधियाँ, परीक्षाएं , वीडियो, कार्यपत्रक और गीत) जो आप सीधा इस्तेमाल कर सकते हैं या अपनी पाठ योजनाओं में इन्हें डाल सकते हैं। इसके विशाल पुस्तकालय का उपयोग आप अपनी कक्षा और अभ्यास परीक्षाओं को ज़्यादा आकर्षक और मजेदार बनाने के लिए कर सकते हैं!","https://diksha.gov.in/explore,https://play.google.com/store/apps/details?id=in.gov.diksha.app&hl=en_IN",0,12,"अंग्रेजी, हिंदी, गणित, विज्ञान",मुफ्त,3,"अंग्रेजी, हिंदी, बंगला, गुजराती, तेलुगु, मराठी, तमिल, कन्नड़, उर्दू",HI
68,टीचर ऐप,"एक ऐसा मंच जहाँ आप अपने आप को सिखाने और विकसित करने के लिए हिंदी में उच्च गुणवत्ता की सामग्री का इस्तेमाल कर सकते हैं। आप भारत के विभिन्न हिस्सों से अपनी कक्षाओं, कहानियों और वार्तालापों के लिए पाठ्यक्रम, शैक्षिक संसाधनों तक पहुँच प्राप्त कर सकते हैं।","https://play.google.com/store/apps/details?id=org.chimple.bahama&hl=en,https://play.google.com/store/apps/details?id=org.chimple.bahama&hl=en",1,3,"अंग्रेजी, हिंदी, गणित",मुफ्त,1,"अंग्रेजी, हिंदी",HI
69,गूगल क्लासरूम,"आप ऑनलाइन क्लासरूम बना सकते हैं, छात्रों को अपनी कक्षा में भाग लेने के लिए कह सकते हैं, और असाइनमेंट दे सकते हैं। आप एप के भीतर से ही असाइनमेंट के बारे में संवाद कर सकते हैं और छात्रों की प्रगति की निगरानी कर सकते हैं। स्कूल इस समाधान का उपयोग करने के लिए शिक्षा खाते के लिए एक मुफ्त गूगल एप भी बनवा सकते है ।","https://play.google.com/store/apps/details?id=com.google.android.apps.seekh&hl=en,https://play.google.com/store/apps/details?id=com.google.android.apps.seekh&hl=en",0,4,"अंग्रेजी, हिंदी, मराठी, तमिल, तेलुगु, उर्दू, बंगाली",मुफ्त,1,"अंग्रेजी, हिंदी, मराठी, तमिल, तेलुगु, उर्दू, बंगाली",HI
70,टेड एड,"टेड-एड प्लेटफ़ॉर्म आपको किसी भी टेड टॉक, टेड-एड लेसन या शैक्षिक वीडियो (यूट्यूब से) लेने की अनुमति देता है और आप आसानी से इच्छा अनुसार प्रश्नों और चर्चाओं की एक पाठ योजना बना सकते हैं। फिर आप इन पाठों को बाट सकते हैं और अपने छात्रों से जुड़, इनका जवाब दे सकते है","https://play.google.com/store/apps/details?id=com.google.android.apps.seekh&hl=en,https://play.google.com/store/apps/details?id=com.google.android.apps.seekh&hl=en",15,15,बोलना और पढ़ना,मुफ्त,1,"अंग्रेजी, हिंदी, मराठी, तमिल, तेलुगु, उर्दू, बंगाली",HI
71,पैडलैट,"पैडलेट आपकी स्क्रीन के लिए एक चार्टपेपर की तरह है। एक खाली पन्ने से शुरू करें और फिर अपनी कक्षा के साथ बात चीत करने के लिए उस पर लिखें। वीडियो अपलोड करें और छात्रों से उनकी विडियोअपलोड करने के लिए कहें, इंटरव्यू रिकॉर्ड करें और छात्रों को सवाल पूछने को कहें, सेल्फी लें, अपनी खुद के पोस्ट लिखें या कुछ लिखित अपलोड करें। आप जो चाहें पोस्ट कर सकते हैं और अपने छात्रों को सहयोग करने, चर्चा करने और अपनी कक्षाओं के दौरान या होमवर्क के दौरान विचार करने में मदद कर सकते हैं!","https://play.google.com/store/apps/details?id=com.csf.topparent,https://play.google.com/store/apps/details?id=com.csf.topparent",0,3,"गणित, हिंदी, अंग्रेजी",मुफ्त,1,हिन्दी,HI
72,वाइजर मी,"आप ऑडियो, वीडियो, चित्र और विभिन्न प्रकार के प्रश्न के साथ वर्कशीट बना सकते हैं। आप अपने छात्रों को वर्कशीट जल्दी से सौंप सकते हैं और उनकी अपने आप चेकिंग और स्कोरिंग हो जाएंगे | इसके अलावा आप चाहें तो अपने इच्छा अनुसार टिप्पणी दे सकते हैं! आप अन्य शिक्षकों से बनाये गयी चीज़ो का भी उपयोग कर सकते है |","https://play.google.com/store/apps/details?id=org.mathmasti.app,https://play.google.com/store/apps/details?id=org.mathmasti.app",0,3,गणित,मुफ्त,1,हिन्दी,HI
73,कुईज़्ज़िज्ज,"आप अपने छात्रों के लिए जल्दी से पहले से बानी हुई परीक्षा और प्रश्नोत्तरी का उपयोग कर सकते हैं या खुद बना सकते हैं। आप इसे लाइव कर सकते हैं या छात्रों को अभ्यास के लिए इसे होमवर्क के रूप में दे सकते हैं। पढ़ने में बहुत आसान, व्यावहारिक रिपोर्ट भी उपलब्ध हैं इसके साथ ।","https://byjus.com/cbse/,https://play.google.com/store/apps/details?id=com.byjus.thelearningapp&hl=en_IN",4,12,"अंग्रेजी, गणित, हिंदी, विज्ञान",30 अप्रैल तक मुफ्त,3,"अंग्रेजी, हिंदी",HI
74,मेघशाला,"एक पाठ्यक्रम से मिलता , अन्य भाषाओ वाला ऐप जो आपको तैयार पाठ योजनाएं देगा जो आप अपनी कक्षाओं को इंटरनेट के द्वारा लेने के लिए उपयोग कर सकते हैं।","https://byjus.com/cbse/,https://play.google.com/store/apps/details?id=com.byjus.thelearningapp&hl=en_IN",14,14,आईआईटी जेईई / एनईईटी,30 अप्रैल तक मुफ्त,3,अंग्रेज़ी,HI
75,टीसीएस आयन डिजिटल ग्लास रूम,एक ऐसा मंच जो आपको अपने छात्रों के साथ लाइव वर्चुअल कक्षाएं लेने में सहयोग देता है। छात्रों को होमवर्क और मूल्यांकन के साथ-साथ अभ्यास परीक्षाएं दे और उन्हें साथ ही साथ हल करें।,"https://play.google.com/store/apps/details?id=com.byjus.k3&hl=en_IN,https://play.google.com/store/apps/details?id=com.byjus.k3&hl=en_IN",1,3,"गणित, अंग्रेजी",30 अप्रैल तक मुफ्त,1,अंग्रेज़ी,HI
76,निष्ठा,निष्ठा एक अप्प है जो स्कूल प्रिंसिपल और शिक्षको की सीखने की क्षमता के निर्माण में सहयोग देता है | यह आधुनिक शिक्षक अभ्यास और ट्रेनिंग डिज़ाइन का उपयोग करता है |,"https://www.khanacademy.org/math/hindi,https://play.google.com/store/apps/details?id=org.khanacademy.android&hl=en_IN",6,12,"गणित, विज्ञान",मुफ्त,3,"अंग्रेजी, हिंदी",HI
77,आईडीपी एडटेक आईआईटी बॉम्बे,डिजिटल शिक्षण और अध्ययन के लिए संक्रमण में शिक्षकों की सहायता और समर्थन करने के लिए सरल प्रौद्योगिकी उपकरणों और कैसे-करें वीडियो का भंडार।,"https://play.google.com/store/apps/details?id=org.khankids.android&hl=en_IN,https://play.google.com/store/apps/details?id=org.khankids.android&hl=en_IN",0,3,"अंग्रेजी, गणित",मुफ्त,1,अंग्रेज़ी,HI
78,हे मैथ,अनुकूली तकनीक और त्वरित प्रतिक्रिया का उपयोग करके गणितीय अवधारणाओं मे कुशल होने के लिए एक स्व-निर्देशित शिक्षण उपकरण।,"https://plp.heymath.com/,https://plp.heymath.com/",5,10,गणित,30 जून तक मुफ्त,2,अंग्रेज़ी,HI
79,फंटूट,फंटूट बच्चे के सीखने के स्तर का आकलन करता है और छात्रों को उनके उपयुक्त ग्रेड स्तर तक लाने के लिए उपचारात्मक सामग्री और आकलन प्रदर्शित करता है।,"https://www.funtoot.com/,https://www.funtoot.com/",2,9,गणित,60 दिनों के लिए मुफ्त,2,अंग्रेज़ी,HI
80,माइंडस्पार्क,माइंडस्पार्क बच्चे के सीखने के स्तर का आकलन करता है और छात्रों को उनके उपयुक्त ग्रेड स्तर तक लाने के लिए उपचारात्मक सामग्री और आकलन प्रदर्शित करता है।,"https://mindspark.in/,https://mindspark.in/",1,10,"गणित, अंग्रेजी",60 दिनों के लिए मुफ्त,2,अंग्रेज़ी,HI
81,टोपर,पूर्व दर्ज किए गए अथवा कुछ महान शिक्षकों द्वारा आपके पाठ्यक्रम से जुड़े विषयों पर ली जाने वाली लाइव कक्षाओं में शामिल हों!,"https://www.toppr.com/,https://play.google.com/store/apps/details?id=haygot.togyah.app",5,12,"अंग्रेजी, गणित, विज्ञान",30 अप्रैल तक मुफ्त,3,अंग्रेज़ी,HI
82,टोपर,पूर्व दर्ज किए गए अथवा कुछ महान शिक्षकों द्वारा आपके पाठ्यक्रम से जुड़े विषयों पर ली जाने वाली लाइव कक्षाओं में शामिल हों!,"https://www.toppr.com/,https://play.google.com/store/apps/details?id=haygot.togyah.app",14,14,आईआईटी जेईई / एनईईटी,30 अप्रैल तक मुफ्त,3,अंग्रेज़ी,HI
83,आई चेंप,"अंग्रेजी, गणित और हिंदी में चुनौतीपूर्ण समस्याओं का अभ्यास करने के लिए एक मजेदार उपकरण।","https://www.ichamp.in,https://play.google.com/store/apps/details?id=com.ichamp.ichampapp&hl=en_IN",1,8,"गणित, अंग्रेजी, हिंदी",मुफ्त,3,अंग्रेज़ी,HI
84,अवंति गुरुकुल,"अवंती गुरुकुल गणित और विज्ञान के लिए छोटी, आसानी से समझने वाली वीडियो प्रदान करता है। दैनिक क्विज़ और डाउट सॉल्वर परीक्षा की तैयारी में भी सहायता करते हैं।","https://play.google.com/store/apps/details?id=in.avanti.gurukul.learning.cbse.ncert.iit.video.test.doubt&referrer=utm_source%3Davanti.in%26utm_medium%3DGurukul%2520Page%2520Link%26utm_campaign%3DGurukul%2520new%2520page%2520link,https://play.google.com/store/apps/details?id=in.avanti.gurukul.learning.cbse.ncert.iit.video.test.doubt&referrer=utm_source%3Davanti.in%26utm_medium%3DGurukul%2520Page%2520Link%26utm_campaign%3DGurukul%2520new%2520page%2520link",9,12,"गणित, विज्ञान",मुफ्त,1,अंग्रेज़ी,HI
85,अवंति गुरुकुल,"अवंती गुरुकुल 15 मिनट में छोटी, आसानी से समझ आने वाली वीडियो प्रदान करता है जो आईआईटी जेईई, एनईईटी और सीबीएसई के लिए अवधारणाओं को पढ़ाने का वादा करता है।","https://play.google.com/store/apps/details?id=in.avanti.gurukul.learning.cbse.ncert.iit.video.test.doubt&referrer=utm_source%3Davanti.in%26utm_medium%3DGurukul%2520Page%2520Link%26utm_campaign%3DGurukul%2520new%2520page%2520link,https://play.google.com/store/apps/details?id=in.avanti.gurukul.learning.cbse.ncert.iit.video.test.doubt&referrer=utm_source%3Davanti.in%26utm_medium%3DGurukul%2520Page%2520Link%26utm_campaign%3DGurukul%2520new%2520page%2520link",14,14,"गणित, विज्ञान",मुफ्त,1,अंग्रेज़ी,HI
86,वेदान्तु,वेदान्तु एक ऑनलाइन शिक्षण समाधान है जो कक्षा 1 से 12 तक और आईआईटी जेईई/एनईईटी के छात्रों को लाइव और रिकॉर्ड किए गए पाठ्यक्रम प्रदान करता है,"https://play.google.com/store/apps/details?id=com.vedantu.app&hl=en_IN,https://play.google.com/store/apps/details?id=com.vedantu.app&hl=en_IN",6,12,"अंग्रेजी, गणित, विज्ञान",अस्थायी रूप से मुफ्त,3,अंग्रेज़ी,HI
87,वेदान्तु,वेदान्तु एक ऑनलाइन शिक्षण समाधान है जो कक्षा 1 से 12 तक और आईआईटी जेईई/एनईईटी के छात्रों को लाइव और रिकॉर्ड किए गए पाठ्यक्रम प्रदान करता है,"https://play.google.com/store/apps/details?id=com.vedantu.app&hl=en_IN,https://play.google.com/store/apps/details?id=com.vedantu.app&hl=en_IN",14,14,आईआईटी जेईई / एनईईटी,अस्थायी रूप से मुफ्त,3,अंग्रेज़ी,HI
88,डौंब्तनट,अपने सवाल का एक फोटो अपलोड करें या इसे टाइप करें और अपने संदेह के लिए तत्काल वीडियो समाधान प्राप्त करें!,"https://doubtnut.com/,https://play.google.com/store/apps/details?id=com.doubtnutapp",6,12,"गणित, विज्ञान",मुफ्त,3,हिन्दी,HI
89,डौंब्तनट,अपने सवाल का एक फोटो अपलोड करें या इसे टाइप करें और अपने संदेह के लिए तत्काल वीडियो समाधान प्राप्त करें!,"https://doubtnut.com/,https://play.google.com/store/apps/details?id=com.doubtnutapp",14,14,आईआईटी जेईई / एनईईटी,मुफ्त,3,हिन्दी,HI
90,एक्स्ट्रामार्क्स,एक्स्ट्रामार्क्स में एनिमेटेड वीडियो सबक शामिल हैं जो पाठ्यक्रम से जुड़े हैं। प्रयोग करें GTS@K12 कोड का और पाएँ मुक्त सामग्री।,"https://www.extramarks.com/,https://play.google.com/store/apps/details?id=com.Extramarks.Smartstudy",0,12,"गणित, विज्ञान, अंग्रेजी, हिंदी",30 अप्रैल तक मुफ्त,1,अंग्रेज़ी,HI
91,एक्स्ट्रामार्क्स,एक्स्ट्रामार्क्स में एनिमेटेड वीडियो सबक शामिल हैं जो आईआईटी जेईई/एनईईटी पाठ्यक्रम से जुड़े हैं। प्रयोग करें GTS@TP कोड का और पाएँ मुक्त सामग्री।,"https://www.extramarks.com/,https://play.google.com/store/apps/details?id=com.Extramarks.Smartstudy",14,14,आईआईटी जेईई / एनईईटी,30 अप्रैल तक मुफ्त,1,अंग्रेज़ी,HI
92,मैरिटनेशन,"पाठ्यक्रम को दोहराने के लिए वीडियो पाठ, संवादात्मक एनिमेशन और मूल्यांकन सामग्री","https://www.meritnation.com/,https://play.google.com/store/apps/details?id=com.meritnation.school&hl=en_IN",6,12,"गणित, विज्ञान, अंग्रेजी, हिंदी, सामाजिक विज्ञान",30 अप्रैल तक मुफ्त,3,अंग्रेज़ी,HI
93,फीड द मॉन्स्टर हिंदी,"फीड द मॉन्स्टर बच्चों को हिंदी में एक मज़ेदार, प्रसिद्ध अनुभव के साथ पढ़ने की बुनियादी बातें सिखाता है","https://play.google.com/store/apps/details?id=com.eduapp4syria.feedthemonsterHindi&hl=en,https://play.google.com/store/apps/details?id=com.eduapp4syria.feedthemonsterHindi&hl=en",0,3,हिन्दी,मुफ्त,1,हिन्दी,HI
94,इंस्टा सॉल्व,"अपने फोन पर प्रश्न की एक तस्वीर खींचें, उसे अपलोड करें और कुछ सेकंड में चरणबद्ध तरीके से अपना संदेह हल करें।","https://www.instasolv.com/,https://play.google.com/store/apps/details?id=com.instasolv.android",6,12,"गणित, विज्ञान, सामाजिक विज्ञान, अंग्रेजी",मुफ्त,1,"अंग्रेजी, हिंदी",HI
95,इंस्टा सॉल्व,"अपने फोन पर प्रश्न की एक तस्वीर खींचें, उसे अपलोड करें और कुछ सेकंड में चरणबद्ध तरीके से अपना संदेह हल करें।","https://www.instasolv.com/,https://play.google.com/store/apps/details?id=com.instasolv.android",14,14,आईआईटी जेईई / एनईईटी,मुफ्त,1,"अंग्रेजी, हिंदी",HI
96,ईपाठशाला,"छात्र पाठ्यपुस्तकों, ऑडियो, वीडियो, आवधिक, और कई अन्य डिजिटल संसाधनों सहित ई-संसाधन डाउनलोड कर सकते हैं। इन पुस्तकों की विशेषताएं उपयोगकर्ताओं को पिंच करने, चयन करने, ज़ूम करने, बुकमार्क करने, हाइलाइट करने, नेविगेट करने, साझा करने, टेक्स्ट टू स्पीच (टीटीएस) ऐप्स का उपयोग करने और डिजिटल रूप से नोट्स बनाने की अनुमति देती है। इसके अलावा शिक्षक अपने पाठ का समर्थन करने के लिए शिक्षण सामग्री तक पहुँच सकते हैं।","http://epathshala.nic.in/,https://play.google.com/store/apps/details?id=in.gov.epathshala",1,12,"अंग्रेजी, गणित, विज्ञान",मुफ्त,1,"अंग्रेजी, हिंदी और उर्दू",HI
97,प्रथम स्टोरीवैवर,बहुभाषी ऑडियो-विज़ुअल कहानियों की एक डिजिटल लाइब्रेरी शुरुआती पाठक सुन सकते हैं जब वे पढ़ना सीख रहे हैं,"https://storyweaver.org.in/v0/read_at_home_with_storyweaver,https://storyweaver.org.in/",15,15,सुनना और पढ़ना,मुफ्त,3,"अंग्रेजी, मराठी, बंगाली, गुजराती, मलयालम, ओडिया, तेलुगु, तमिल, पंजाबी, उर्दू",HI
98,सुनाई देने योग्य,तीन साल की उम्र के बच्चों से लेकर किशोरों तक अंग्रेजी में आनंद लेने और सीखने के लिए ऑडियोबुक शीर्षक का संग्रह।,"https://stories.audible.com/discovery,https://stories.audible.com/discovery",15,15,अंग्रेजी पढ़ना,मुफ्त,3,अंग्रेज़ी,HI
99,टिंकल,कॉमिक्स की एक लाइब्रेरी जो सभी उम्र के बच्चों के लिए पढ़ने को अनंदमई बनाती है,"https://digital.tinkle.in/subscription.aspx?shelfId=d78d4014-e064-4aec-b203-4389bc08ddb4&code=1A9D444,https://play.google.com/store/apps/details?id=net.trellisys.papertrell.shelfd78d4014e0644aecb2034389bc08ddb4",15,15,अंग्रेजी पढ़ना,30 दिनों के लिए मुफ्त,1,अंग्रेज़ी,HI
100,अमर चित्र कथा,"अपने बच्चे की कल्पना और दिमाग का विकास करने के लिए पौराणिक कथाओं, भारतीय क्लासिक्स और अन्य कालपनिक शीर्षक वाली कॉमिक्स की एक लाइब्रेरी","https://digital.amarchitrakatha.com/subscription.aspx?shelfId=16716781-3bc2-4c50-991f-aa65a09c4f71&code=1BEADEB,https://play.google.com/store/apps/details?id=com.ns.ack",15,15,अंग्रेजी पढ़ना,30 दिनों के लिए मुफ्त,1,अंग्रेज़ी,HI
101,ग्लोबल डिजिटल लाइब्रेरी,उच्च गुणवत्ता की पठन सामग्री की एक लाइब्रेरी जिसे बच्चे कई भाषाओं में शानदार दृश्यों के साथ पढ़ सकते हैं,"https://digitallibrary.io/,https://play.google.com/store/apps/details?id=io.digitallibrary.reader",15,15,पढ़ना,मुफ्त,3,अंग्रेज़ी,HI
102,हैलो इंगलिश,"माँ-बोली में निर्देशों द्वारा अंग्रेजी बोलने, लिखने, पढ़ने और समझने, और सुनने मे सुधार करें।","https://helloenglish.com/hindi,https://play.google.com/store/apps/details?id=com.CultureAlley.japanese.english",15,15,अंग्रेज़ी,मुफ्त,1,"अंग्रेजी, मराठी, बंगाली, गुजराती, मलयालम, ओडिया, तेलुगु, तमिल, पंजाबी, उर्दू",HI
103,इंगलिश हेल्पर,"सुविधाओं के समर्थन के साथ बच्चे अर्थ के साथ अंग्रेजी पढ़ना सीखते हैं; सुविधायें जैसे कि जब वे बोलते हैं शब्दों का विशिष्ट होना, शब्द-दर-शब्द पढ़ने, शब्द और चित्र शब्दकोश, उच्चारण, वर्तनी सहायक और स्थानीय भाषा में अनुवाद।","https://www.englishhelper.com/dashboard/learn-english,https://play.google.com/store/apps/details?id=com.englishhelper.readtome",15,15,अंग्रेज़ी,मुफ्त,3,अंग्रेज़ी,HI
104,बिल्डिंग ब्लोक्स,बच्चों को ऑडियो निर्देशों और अभ्यास अंदाज़ के साथ गणित की अवधारणाओं को सीखने में मदद करने के लिए 250 से अधिक संवादात्मक गतिविधियाँ।,"https://play.google.com/store/apps/details?id=com.akshara.easymath,https://play.google.com/store/apps/details?id=com.akshara.easymath",1,5,गणित,मुफ्त,1,"अंग्रेजी, हिंदी, कन्नड़, ओडिया, गुजराती",HI
105,कुतुकी,"कुतुकी शब्दावली, जीवन कौशल और विज्ञान का निर्माण करने और अक्षर और संख्या सीखने के लिए कहानी आधारित खेल और सरल खेल प्रदान करता है।","https://www.kutuki.in/,https://play.google.com/store/apps/details?id=com.soniqmantra.kutuki",0,2,"गणित, विज्ञान, अंग्रेजी",60 दिनों के लिए मुफ्त,3,"अंग्रेजी, हिंदी, मराठी, कन्नड़",HI
106,ईविद्यार्थी,हिंदी और अंग्रेजी में एनसीईआरटी-संरेखित वीडियो व्याख्यान और 6 से 12 कक्षा के सभी विषयों के लिए विभिन्न अवधारणाओं के लिए पाठ्यपुस्तक समाधान।,"https://www.evidyarthi.in/,https://www.evidyarthi.in/",6,12,"अंग्रेजी, हिंदी, गणित, विज्ञान, सामाजिक विज्ञान",मुफ्त,3,"हिंदी, अंग्रेजी",HI
107,प्राडीजी,"प्राडीजी ऐप विभिन्न ग्रेड और कई भाषाओं में सामान्य ज्ञान और पाठ्यक्रम-संरेखित अवधारणाओं को कवर करने के लिए मजेदार, संवादात्मक गेम्स और वीडियो का उपयोग करता है।","https://www.prathamopenschool.org/Catalog,https://play.google.com/store/apps/details?id=com.pratham.prathamdigital&hl=en_IN",0,12,"गणित, अंग्रेजी, विज्ञान",मुफ्त,3,"अंग्रेजी, हिंदी, पंजाबी, असमी, बंगाली, ओडिया, तेलुगु, तमिल, कन्नड़, मराठी, गुजराती",HI
108,एनआरओईआर,एनआरओईआर के-12 ग्रेड के लिए कई विषयों और विभिन्न भाषा में ऑडियो-विज़ुअल शैक्षणिक संसाधनों और एनसीईआरटी पाठ्यपुस्तकों के संग्रह रखता है।,"https://nroer.gov.in/home/repository,https://nroer.gov.in/home/repository",1,12,"अंग्रेजी, हिंदी, गणित, विज्ञान, सामाजिक विज्ञान, भाषाएँ, अन्य",मुफ्त,1,"अंग्रेजी, हिंदी, गुजराती, तेलुगु, असमिया, मणिपुरी, अन्य",HI
109,दीक्षा,"दीक्षा शिक्षकों, छात्रों और अभिभावकों के लिए निर्धारित स्कूल पाठ्यक्रम के लिए प्रासंगिक शिक्षण सामग्री प्रदान करता है। उपयोगकर्ता अपनी पाठ्यपुस्तकों में क्यूआर कोड को स्कैन कर सकते हैं और अपने पाठों तक आसानी से ऑनलाइन पहुंच सकते हैं।","https://diksha.gov.in/explore,https://play.google.com/store/apps/details?id=in.gov.diksha.app&referrer=utm_source=DIKSHA&utm_medium=explore",1,12,"अंग्रेजी, हिंदी, गणित, विज्ञान, सामाजिक विज्ञान",मुफ्त,3,"हिंदी, अंग्रेजी, मराठी, कन्नड़, तमिल, तेलुगु, उर्दू, बोडो, असमिया, मिज़ो, बंगाली, अर्धमागधी, अरबी, संस्कृत, गुजराती",HI
110,स्वयंम,"स्वयंम वीडियो व्याख्यान, पठन सामग्री, परीक्षणों और क्विज़ के माध्यम से स्व-मूल्यांकन, और स्कूल और उच्च शिक्षा के लिए एक ऑनलाइन चर्चा मंच और शिक्षक प्रशिक्षण का एक संग्रह है।","https://swayam.gov.in/,https://play.google.com/store/apps/details?id=in.gov.swayam.app",9,12,"गणित, विज्ञान, सामाजिक विज्ञान, वाणिज्य, अंग्रेजी",मुफ्त,3,अंग्रेज़ी,HI
111,नेशनल डिजिटल लाइब्रेरी इंडिया,"एनडीएलआई का भंडार कई विषयों और शैक्षणिक स्तरों और विभिन्न भाषाओं में सामग्री को होस्ट करता है। सामग्री में वीडियो, पाठ्यपुस्तक, इंटरैक्टिव मॉड्यूल और ऑडियो शामिल हैं।","https://ndl.iitkgp.ac.in/homestudy/school,https://play.google.com/store/apps/details?id=com.mhrd.ndl&hl=en",1,12,"अंग्रेजी, हिंदी, गणित, विज्ञान, सामाजिक अध्ययन",मुफ्त,3,"अंग्रेजी, हिंदी, बंगाली, उर्दू, तेलेगु, तमिल, ओडिया, मराठी, मलयालम, कन्नड़, गुजराती",HI
112,नेशनल डिजिटल लाइब्रेरी इंडिया,"एनडीएलआई का भंडार कई विषयों और शैक्षणिक स्तरों और विभिन्न भाषाओं में सामग्री को होस्ट करता है। सामग्री में वीडियो, पाठ्यपुस्तक, इंटरैक्टिव मॉड्यूल और ऑडियो शामिल हैं।","https://ndl.iitkgp.ac.in/homestudy/school,https://play.google.com/store/apps/details?id=com.mhrd.ndl&hl=en",14,14,जेईई,मुफ्त,3,अंग्रेज़ी,HI
113,मधु एप,"मधु एप वीडियो व्याख्यान, शिक्षण और सीखने की सामग्री, और गणित और विज्ञान के लिए संवादत्म्क सवालों का एक इकठ है।","https://play.google.com/store/apps/details?id=com.madhuapp.android&hl=en_US,https://play.google.com/store/apps/details?id=com.madhuapp.android&hl=en_US",5,8,"गणित, विज्ञान",मुफ्त,2,उड़िया,HI
114,फीड द मॉन्स्टर मराठी,"फीड द मॉन्स्टर बच्चों को मराठी में एक मज़ेदार, गहन अनुभव के साथ पढ़ने के मूल सिद्धांतों को सिखाता है।","https://play.google.com/store/apps/details?id=com.eduapp4syria.feedthemonsterMarathi,https://play.google.com/store/apps/details?id=com.eduapp4syria.feedthemonsterMarathi",15,15,मराठी,मुफ्त,2,मराठी,HI
115,फीड द मॉन्स्टर मराठी बंगाली,"फीड द मॉन्स्टर बच्चों को बंगाली में एक मज़ेदार, गहन अनुभव के साथ पढ़ने के मूल सिद्धांतों को सिखाता है।","https://play.google.com/store/apps/details?id=com.eduapp4syria.feedthemonsterBangla,https://play.google.com/store/apps/details?id=com.eduapp4syria.feedthemonsterBangla",15,15,बंगाली,मुफ्त,2,बंगाली,HI
116,फीड द मॉन्स्टर इंग्लिश,"फीड द मॉन्स्टर बच्चों को अंग्रेजी में एक मज़ेदार, गहन अनुभव के साथ पढ़ने के मूल सिद्धांतों को सिखाता है।","https://play.google.com/store/apps/details?id=com.eduapp4syria.feedthemonsterEnglishIndian,https://play.google.com/store/apps/details?id=com.eduapp4syria.feedthemonsterEnglishIndian",15,15,अंग्रेज़ी,मुफ्त,2,अंग्रेज़ी,HI
117,एकस्टेप,"एकस्टेप साक्षरता, संख्यात्मकता, और विज्ञान को कक्षा के-12 के लिए सीखने के संसाधनों के संग्रह के साथ एक खुला शिक्षण मंच है।","https://community.ekstep.in/content,https://play.google.com/store/apps/details?id=org.ekstep.genieservices&hl=en",0,12,"अंग्रेजी, हिंदी, गणित, विज्ञान, सामाजिक विज्ञान",मुफ्त,3,"अंग्रेजी, हिंदी, गुजराती, असमिया, बंगाली, कन्नड़, मैथिली, मराठी, मुंडा, ओडिया, संस्कृत, संताली, तमिल, तेलुगु, उर्दू",HI
118,वर्ल्डरीडर बुकस्मार्ट,1-12 वर्ष की आयु के लिए अंग्रेजी और हिंदी में मुफ्त ई-पुस्तकों की एक व्यापक डिजिटल लाइब्रेरी।,"https://play.google.com/store/apps/details?id=org.worldreader.readtokids&referrer=utm_source%3Dcomms%26utm_medium%3Dwebsite%26anid%3Dadmob,https://play.google.com/store/apps/details?id=org.worldreader.readtokids&referrer=utm_source%3Dcomms%26utm_medium%3Dwebsite%26anid%3Dadmob",15,15,"अंग्रेजी, हिंदी",मुफ्त,2,"अंग्रेजी, हिंदी",HI
119,ओकीपोक्की,"अंग्रेजी, हिंदी और मराठी के माध्यम से छोटे बच्चों के लिए अंग्रेजी शब्दावली और बोलने का कौशल बनाने के लिए मजेदार और इंटरैक्टिव गेम।","https://play.google.com/store/apps/details?id=com.whizkidzmedia.youhuu&showAllReviews=true,https://play.google.com/store/apps/details?id=com.whizkidzmedia.youhuu&showAllReviews=true",15,15,अंग्रेज़ी,मुफ्त,2,"अंग्रेजी, हिंदी, मराठी",HI
120,आइड्रीम,"आइड्रीम ऐप 28 राज्य बोर्डों और सीबीएसई के लिए सामग्री को कवर करता है, जिसमें मजेदार वीडियो सबक, गतिविधिआं, और अंग्रेजी, हिंदी और विभिन्न क्षेत्रीय भाषाओं में किताबें और गेम शामिल हैं।","https://www.idreameducation.org/learningapp,https://play.google.com/store/apps/details?id=org.idreameducation.iprep&hl=en_IN",1,12,"अंग्रेजी, हिंदी, गणित, विज्ञान, सामाजिक अध्ययन",अस्थायी रूप से मुफ्त,2,"हिंदी, अंग्रेजी, कन्नड़, मराठी, गुजराती, अन्य",HI
121,कीऊमैथ,"कीऊमैथ गणित के विशेषज्ञ की उपस्थिति में लाइव, इंटरैक्टिव ऑनलाइन कक्षाएं प्रदान करता है। एक संरक्षक भी प्रत्येक छात्र को सौंपा जाता है, और उनकी प्रगति, पाठ्यक्रम-सही को ट्रैक करने और किसी भी संदेह या समस्या को हल करने में मदद करता है।","https://www.cuemath.com/parent/signup/?utm_source=organic&utm_medium=covid-hp-banner&utm_campaign=free-online-curriculum&intent=free-leap,https://play.google.com/store/apps/details?id=com.cuelearn.cuemathapp&hl=en_IN",0,10,गणित,अस्थायी रूप से मुफ्त,3,अंग्रेज़ी,HI
122,नैक्सट गुरुकुल,"शैक्षणिक अवधारणाओं के एक विश्वकोश से जो आप सीखना चाहते हैं उसका चयन करें, आकलन करें, के.जी से 12वीं कक्षा के लिए सीखने की सामग्री पर अपने संदेह पूछें","https://www.nextgurukul.in/,https://play.google.com/store/apps/details?id=com.learnnext.nextgurukul",0,12,"गणित, अंग्रेजी, विज्ञान, सामाजिक विज्ञान",मुफ्त,3,अंग्रेज़ी,HI
123,नैक्सट गुरुकुल,"नैक्सट गुरुकुल विभिन्न प्रतियोगी परीक्षाओं जैसे जेईई, एनईईटी एयूआर एम्स के लिए नमूना प्रश्न पत्र और समाधान प्रदान करता है।","https://www.nextgurukul.in/,https://play.google.com/store/apps/details?id=com.learnnext.nextgurukul",14,14,"आईआईटी जेईई, एनईईटी, एम्स",मुफ्त,3,अंग्रेज़ी,HI
124,एम लर्निंग इंडिया,"कक्षा 8 से 12 के लिए फिजिक्स, केमिस्ट्री और बायोलॉजी में इंस्ट्रक्टर के नेतृत्व वाले वीडियो लेक्चर का संग्रह।","https://play.google.com/store/apps/details?id=com.it.mlearning,https://play.google.com/store/apps/details?id=com.it.mlearning",8,12,विज्ञान,मुफ्त,2,हिन्दी,HI
125,कथा खज़ाना,"कथा खज़ाना ऐप में 4 से 12 साल की उम्र के बच्चों के लिए सचित्र हिंदी कहानियां, सुनाई गई कहानीयां, एनिमेटेड वीडियो और पढ़ने वाले खेलों की एक लाइब्रेरी की मेजबानी की गई है।","https://play.google.com/store/apps/details?id=org.katha.kathakhazana&hl=en_IN,https://play.google.com/store/apps/details?id=org.katha.kathakhazana&hl=en_IN",15,15,हिन्दी,मुफ्त,2,हिन्दी,HI
126,ए+ क्लिक,एक वेबसाइट जिसमें सभी कक्षा के लिए गणित और तार्किक तर्क अवधारणाओं को कवर करने वाला एक व्यापक प्रश्न बैंक है।,"https://aplusclick.org/,https://aplusclick.org/",1,12,गणित,मुफ्त,3,अंग्रेज़ी,HI
127,सीके-12,"सीके-12 फ्लेक्सीबुक्स स्वतंत्र, अनुकूलन योग्य पाठ्यपुस्तकें हैं जो अवधारणाओं को बेहतर ढंग से समझाने के लिए छवियों, वीडियो, वेब लिंक और एनीमेशन का उपयोग करके मौजूदा सामग्री को संपादित करने और बनाने की अनुमति देती हैं। फ्लेक्सीबुक्स को सोशल मीडिया और ईमेल के माध्यम से साथियों के साथ भी साझा किया जा सकता है।","https://www.ck12.org/cbse/,https://www.ck12.org/cbse/",9,12,"गणित, विज्ञान",मुफ्त,3,अंग्रेज़ी,HI
128,मेक मी जीनिअस,के.जी से लेकर 7वीं कक्षा के लिए विज्ञान में विभिन्न अवधारणाओं को कवर करने वाले 2D एनिमेटेड वीडियो का संग्रह।,"https://www.makemegenius.com/english_video.php,https://www.makemegenius.com/english_video.php",0,7,विज्ञान,मुफ्त,3,अंग्रेज़ी,HI
129,मेक मी जीनिअस हिंदी,के.जी से लेकर 7वीं कक्षा के लिए विज्ञान में विभिन्न अवधारणाओं को कवर करने वाले 2D एनिमेटेड वीडियो का संग्रह।,"https://www.makemegenius.com/hindi_video.php,https://www.makemegenius.com/hindi_video.php",0,7,विज्ञान,मुफ्त,3,हिन्दी,HI
